customerId,recommendedProducts
4,2|1|13|36|20|25|216|61|33|157
11,2|5|15|11|7|33|13|17|21|0
12,20|2|1|15|12|25|82|5|36|14
16,1|5|21|15|17|38|13|35|36|44
21,38|36|48|79|2|1|15|13|44|63
32,70|62|2|1|188|11|25|66|138|15
121,1|5|15|7|21|33|13|36|0|11
122,1|15|13|20|14|7|21|12|4|25
123,2|15|23|61|29|20|13|0|17|187
137,1|15|33|36|21|7|11|16|19|17
141,61|14|13|20|11|8|62|12|16|47
152,15|36|14|17|61|23|21|20|19|16
164,36|5|38|13|15|48|7|33|62|20
171,1|5|14|16|17|61|11|36|33|0
182,2|1|5|15|20|14|36|13|17|4
212,1|2|33|29|23|13|15|61|119|17
218,2|1|79|15|11|194|20|5|61|25
247,107|2|1|187|5|15|17|19|25|13
250,1|5|15|14|13|25|7|33|0|21
255,38|79|2|1|194|15|5|25|4|21
261,1|14|5|15|21|33|25|17|44|0
263,1|2|55|159|20|15|5|33|61|11
305,1|2|15|33|16|11|13|20|59|81
320,2|1|5|14|195|105|17|15|8|78
321,48|79|15|5|13|21|17|14|25|16
326,2|5|7|21|15|17|13|14|50|12
339,2|1|15|21|14|20|17|61|49|25
368,29|2|1|15|5|25|164|46|33|7
418,2|5|21|0|7|17|33|15|59|31
447,5|1|14|17|59|3|21|76|19|15
450,2|7|15|13|5|20|4|16|25|6
459,36|5|21|14|61|33|17|7|11|62
462,1|11|5|15|7|13|25|29|17|14
482,5|21|15|17|7|13|0|61|44|12
539,5|15|21|61|17|20|14|13|35|100
543,2|1|36|15|5|8|44|19|13|21
548,1|33|15|7|21|61|12|19|20|16
572,2|11|0|15|5|21|61|29|7|33
594,1|134|33|5|19|15|0|85|14|17
595,70|116|138|188|2|191|275|34|12|15
625,62|70|2|1|138|67|15|25|13|12
654,1|2|33|20|13|16|39|8|25|19
659,48|38|79|36|1|49|14|194|5|21
661,29|11|23|123|2|1|13|25|15|5
665,2|23|29|5|0|7|31|17|15|21
667,5|1|2|17|76|59|21|171|14|0
677,36|61|79|21|16|20|7|12|100|39
690,2|223|5|19|59|11|41|33|61|1
706,1|5|21|15|17|61|106|33|13|36
708,5|0|17|21|59|3|76|15|31|106
718,1|224|33|5|134|13|36|11|17|61
731,2|11|5|15|0|33|17|21|20|7
745,1|291|12|13|5|2|7|4|33|20
788,105|1|2|226|4|15|42|50|14|31
806,11|23|1|14|107|5|15|33|3|19
821,1|2|5|4|13|12|17|33|25|61
837,1|284|2|7|164|16|15|5|10|12
858,8|2|1|15|13|25|20|5|33|61
861,91|2|136|11|8|1|61|296|15|196
862,185|1|29|5|23|14|33|17|21|61
863,1|2|5|104|21|17|7|112|12|36
866,5|33|13|7|15|16|20|12|21|4
884,1|80|2|15|25|20|11|0|5|33
946,103|33|17|5|1|61|72|19|15|16
1037,2|5|13|20|25|33|17|0|4|21
1042,2|1|13|15|33|246|25|11|61|12
1043,5|15|23|13|12|61|36|14|7|20
1057,5|33|13|15|7|21|20|59|11|47
1073,2|23|29|5|15|33|21|61|17|19
1085,2|1|15|13|206|164|33|36|61|94
1090,2|5|33|0|7|15|13|17|16|30
1091,5|15|17|21|13|7|19|11|47|0
1093,5|17|15|0|13|16|7|14|12|44
1111,1|2|20|5|13|44|11|61|15|7
1127,15|39|59|61|17|13|0|19|20|14
1130,2|1|107|13|15|5|21|33|61|36
1137,11|29|5|7|15|21|20|33|25|17
1139,1|181|148|14|15|5|44|13|11|7
1143,2|15|11|13|33|79|17|23|62|14
1149,1|14|5|173|15|19|33|21|47|59
1156,1|2|29|107|5|15|7|14|78|17
1175,1|17|15|59|13|19|61|14|11|36
1178,11|107|2|1|25|13|15|4|206|36
1182,2|1|5|14|21|17|44|0|106|76
1223,107|5|185|13|33|61|21|0|14|19
1245,2|13|15|5|21|11|61|50|12|17
1267,1|16|5|15|13|7|33|11|61|49
1270,1|38|2|48|79|13|15|216|63|157
1286,1|2|13|5|15|4|12|16|24|25
1290,15|20|7|14|0|12|61|4|11|36
1342,1|5|15|13|25|21|12|4|16|14
1347,2|5|15|44|13|21|62|61|14|33
1380,11|2|1|33|13|20|15|61|36|25
1387,1|2|199|17|5|7|61|158|33|15
1412,2|1|15|33|5|36|20|13|14|17
1416,107|2|15|39|13|5|33|7|25|20
1425,1|15|14|5|12|25|81|44|49|21
1434,194|2|1|15|13|5|25|20|44|21
1455,70|67|1|13|116|25|7|2|5|11
1475,36|194|15|21|33|12|61|13|0|25
1504,1|2|5|23|15|13|17|7|14|39
1553,2|35|5|1|17|21|33|47|61|15
1559,181|1|148|2|170|15|21|50|7|0
1583,1|2|15|13|114|63|11|5|20|36
1586,2|33|5|0|59|8|21|61|171|15
1619,2|5|7|16|15|21|13|119|12|14
1653,1|15|33|5|194|25|20|21|17|19
1668,36|2|1|61|15|13|20|33|44|14
1695,2|59|5|33|15|4|7|20|21|12
1705,1|14|21|15|19|13|61|59|11|29
1730,1|2|12|7|5|144|17|13|50|77
1743,11|1|2|13|5|15|7|20|17|21
1757,2|123|1|15|14|13|11|143|5|86
1768,1|2|164|15|20|25|7|13|12|33
1783,1|5|21|14|17|15|7|13|11|50
1851,187|2|1|5|33|59|17|15|3|12
1870,1|2|13|15|33|20|8|36|11|39
1911,2|1|13|36|8|20|19|21|157|61
1916,81|1|2|5|159|20|15|33|13|12
1939,11|1|15|5|17|13|14|36|33|44
1981,1|36|48|38|14|79|21|5|15|35
2008,33|15|61|0|21|44|13|36|11|59
2029,2|21|5|7|13|17|15|100|63|30
2043,36|5|15|194|14|17|21|33|4|44
2052,107|33|5|15|31|61|21|59|20|13
2062,1|14|5|15|21|33|19|3|0|12
2087,11|23|33|61|13|59|20|21|17|16
2143,185|2|5|1|19|33|14|59|15|21
2202,2|1|15|5|13|11|25|4|14|29
2232,1|5|33|13|14|17|12|15|3|19
2265,2|1|13|70|8|15|188|61|33|36
2278,1|2|20|62|15|70|11|13|164|16
2279,63|1|13|50|2|5|56|99|7|139
2283,2|33|15|61|11|21|13|7|20|31
2285,1|7|2|9|42|50|57|13|38|8
2315,2|15|79|61|33|21|13|14|11|16
2347,1|2|63|15|20|25|13|7|57|4
2388,2|1|20|13|25|51|11|8|36|31
2396,1|2|13|7|5|77|4|15|25|16
2403,85|70|33|138|67|15|59|13|11|61
2409,1|2|20|15|63|13|25|5|38|36
2410,1|5|15|13|17|21|12|36|44|8
2414,48|38|36|1|2|194|15|14|61|20
2417,1|2|15|5|119|16|25|11|20|224
2430,15|20|79|21|7|61|19|12|0|35
2466,50|1|237|2|24|7|133|101|6|42
2478,5|48|33|16|11|17|44|19|25|20
2479,221|1|2|33|13|15|11|19|216|36
2531,2|1|15|13|14|11|12|5|25|39
2536,1|33|13|15|14|19|17|7|36|25
2579,1|2|8|36|15|19|291|44|106|5
2581,1|15|14|19|33|13|23|29|21|25
2590,2|5|0|31|17|61|7|15|4|12
2615,252|169|245|2|150|145|109|101|183|51
2624,5|21|15|17|33|13|44|12|61|7
2626,2|1|5|12|17|25|62|15|13|11
2654,1|14|5|13|86|21|61|33|11|36
2670,2|48|36|79|5|13|15|21|17|14
2715,2|36|38|79|5|21|20|15|13|17
2724,2|1|35|15|5|61|33|36|8|17
2770,33|61|13|15|0|60|17|20|100|36
2815,5|15|36|7|39|17|20|11|12|14
2819,70|67|116|2|17|1|46|16|11|13
2831,2|12|29|5|23|0|15|13|21|20
2833,2|15|105|34|1|113|12|8|192|44
2842,1|15|21|5|44|11|36|61|7|12
2865,2|151|1|25|166|7|14|35|13|17
2878,2|1|20|5|21|15|13|14|16|17
2892,1|129|43|2|7|5|0|4|57|15
2914,1|13|11|24|166|218|9|282|14|2
2977,1|15|13|12|33|36|38|7|25|11
2978,2|5|33|20|15|8|13|21|59|31
2993,2|0|5|15|7|21|13|4|11|39
3003,1|2|36|13|20|33|61|19|94|8
3012,2|1|16|5|15|36|17|14|13|7
3018,2|191|0|20|36|8|61|100|12|5
3020,5|15|33|59|20|0|14|17|36|7
3026,2|5|1|33|21|19|76|14|62|106
3045,164|2|1|7|11|5|4|25|15|57
3087,11|1|2|23|5|29|7|20|33|157
3115,35|13|2|7|77|1|20|5|15|8
3171,2|38|13|15|5|48|20|21|12|16
3196,2|1|35|20|12|5|15|11|7|62
3223,1|2|13|20|178|25|36|15|231|11
3230,2|5|1|86|33|15|13|12|14|7
3240,85|5|17|190|15|33|21|14|0|4
3257,33|15|21|17|13|14|4|11|0|61
3272,38|1|2|15|16|5|61|23|13|20
3300,48|21|79|33|20|61|35|7|17|12
3341,1|2|25|15|20|135|4|33|13|5
3348,2|5|157|7|15|13|56|31|8|20
3369,1|2|21|5|15|14|17|13|12|62
3386,2|1|15|5|20|13|14|8|11|16
3399,2|0|5|31|21|83|59|15|30|13
3431,188|116|138|2|1|17|8|5|13|21
3444,2|1|15|62|20|5|17|275|12|13
3549,1|62|2|70|13|67|11|116|23|151
3557,1|2|15|33|11|13|25|77|0|20
3593,2|187|5|137|61|21|15|17|11|0
3609,1|33|14|13|15|7|16|61|36|12
3645,164|11|29|107|2|1|25|20|8|15
3651,1|5|15|21|17|13|12|36|25|16
3699,79|36|194|2|1|15|13|33|61|19
3709,164|2|1|145|15|20|33|5|11|8
3716,2|1|8|13|5|15|33|29|12|44
3731,145|275|1|2|12|15|5|268|289|25
3762,2|1|5|20|216|7|13|17|4|16
3768,1|274|2|149|51|86|11|13|20|68
3769,8|5|29|15|33|13|17|21|79|25
3773,67|2|81|17|5|15|7|12|25|20
3775,1|2|15|5|49|13|14|25|86|20
3797,2|1|5|15|11|4|13|33|17|20
3800,29|2|13|5|15|33|94|20|61|8
3843,185|2|19|5|223|1|61|33|96|152
3851,5|15|33|21|16|13|61|17|20|11
3865,48|36|2|15|1|261|21|14|5|13
3879,62|188|138|2|1|13|25|20|7|17
3891,2|1|38|48|36|79|5|14|17|19
3899,5|21|15|14|4|61|33|7|17|13
3955,1|5|13|25|33|36|11|14|100|16
3978,1|2|15|21|11|5|14|86|36|123
3984,1|15|5|21|17|44|7|38|36|11
4007,2|5|15|7|11|17|21|13|224|20
4070,1|2|8|61|25|33|5|13|49|11
4087,2|7|15|13|5|11|4|21|17|50
4118,2|104|5|38|1|16|15|7|4|36
4152,1|2|20|13|15|5|17|16|36|7
4175,5|33|15|13|21|17|4|25|7|0
4207,1|36|35|14|38|15|8|13|25|5
4233,1|5|62|13|33|36|61|12|7|11
4269,36|2|1|13|15|5|44|25|14|261
4271,1|2|4|15|13|77|178|11|65|43
4339,2|1|36|5|38|14|15|13|33|44
4392,36|2|38|48|1|16|15|20|5|194
4405,5|21|14|17|15|61|36|33|116|8
4407,2|1|33|15|11|17|19|20|14|21
4418,36|194|2|1|15|70|5|13|21|14
4442,5|0|21|17|33|59|61|3|106|47
4449,39|1|62|67|2|5|13|15|146|12
4476,2|5|0|21|33|7|59|95|30|61
4516,1|2|4|13|224|15|25|5|17|24
4524,15|2|192|1|100|79|14|149|34|136
4527,2|13|31|33|20|23|25|61|7|36
4537,137|2|1|11|149|61|15|78|13|152
4564,1|2|5|21|14|61|15|106|19|36
4589,8|38|36|2|5|194|21|44|15|20
4608,8|38|36|194|1|2|14|104|5|21
4613,1|2|5|139|7|21|15|36|17|63
4618,1|5|36|13|17|61|21|8|16|11
4657,188|1|70|5|67|14|33|116|3|15
4659,48|36|2|1|261|13|19|33|264|106
4671,16|25|135|1|172|7|81|15|12|159
4717,34|8|109|2|113|14|1|192|16|182
4757,8|36|79|2|1|14|13|5|15|17
4776,2|1|15|144|14|190|36|11|44|5
4799,1|61|5|13|47|33|19|36|17|8
4800,1|2|86|7|5|15|21|17|12|33
4823,1|36|48|5|15|62|33|17|14|13
4848,294|128|129|26|154|284|10|1|2|15
4851,5|15|13|20|17|61|33|25|21|7
4871,5|33|21|15|59|17|0|61|14|20
4950,2|1|7|15|5|25|20|4|36|17
5001,2|5|1|14|61|33|19|15|106|76
5022,5|15|33|21|36|19|47|13|14|20
5065,2|8|13|33|15|11|4|61|20|12
5092,2|15|5|13|8|33|21|7|31|12
5095,2|5|21|13|0|15|7|8|12|100
5113,62|116|188|2|1|13|7|15|20|4
5118,1|2|13|8|15|7|9|14|77|63
5127,48|36|79|1|194|5|14|19|13|33
5193,1|8|5|15|25|14|48|29|62|33
5199,1|15|14|17|20|7|19|0|61|36
5200,2|5|0|7|16|15|13|21|17|20
5220,275|2|15|25|109|233|1|5|191|129
5242,15|33|13|7|21|14|20|59|0|36
5264,1|2|36|48|8|7|5|15|14|4
5273,1|2|5|15|14|12|33|7|36|13
5347,2|5|223|19|61|11|137|59|106|21
5361,2|5|20|13|17|0|36|33|21|31
5365,1|2|4|77|43|5|15|24|57|25
5368,1|2|7|5|21|25|56|12|0|16
5418,104|1|17|5|2|38|36|16|15|7
5430,2|1|5|4|17|33|47|19|7|59
5459,2|1|29|5|15|107|13|16|12|20
5461,33|15|13|0|21|61|59|14|20|19
5501,185|1|187|14|5|33|15|19|21|59
5512,2|36|5|48|38|21|61|15|79|33
5513,1|2|20|5|25|15|44|17|12|33
5522,2|1|15|33|14|61|12|21|194|7
5524,70|62|2|138|116|1|188|15|94|12
5527,5|7|17|15|33|16|44|14|21|11
5555,2|12|0|15|5|13|31|33|21|7
5562,2|1|15|7|26|13|14|6|5|24
5570,5|23|33|15|13|61|17|21|7|16
5581,75|10|83|32|26|6|74|113|27|14
5648,5|15|14|21|3|13|0|127|39|17
5666,5|1|17|15|61|19|16|0|106|4
5684,50|1|63|282|45|133|2|101|77|42
5751,1|14|15|19|21|61|13|36|11|47
5774,36|5|11|13|20|79|33|29|7|61
5891,2|1|33|15|13|20|9|25|19|31
5926,2|1|16|5|14|70|36|15|17|67
5940,2|1|13|64|50|45|15|11|51|20
5957,36|48|38|79|2|1|5|194|13|33
6010,2|1|5|13|15|25|14|4|7|12
6016,11|107|2|8|1|36|20|15|13|79
6030,2|25|1|265|62|12|4|5|109|116
6032,1|4|22|2|57|11|13|5|39|15
6132,1|2|25|20|13|5|15|7|17|33
6145,59|31|15|13|0|61|21|17|11|20
6158,1|14|21|5|17|20|33|15|36|12
6166,1|119|5|14|17|15|19|21|0|12
6167,2|36|8|1|79|48|15|190|5|61
6182,5|21|47|17|61|0|33|106|15|59
6220,5|21|17|61|33|15|14|13|4|12
6258,185|187|1|5|14|171|19|33|3|21
6269,1|14|5|3|19|33|21|15|17|47
6294,1|13|5|94|61|20|21|16|11|36
6297,1|14|5|3|19|21|17|106|33|47
6313,1|14|15|59|19|13|17|61|36|29
6323,33|13|15|86|21|59|20|7|31|0
6326,5|21|190|0|17|33|31|14|59|15
6334,1|14|5|3|19|33|21|15|17|47
6337,1|14|5|3|19|33|21|15|17|47
6344,1|5|14|15|13|25|20|17|7|33
6345,2|1|85|46|19|185|5|89|33|11
6346,1|2|4|14|51|0|44|141|22|5
6385,5|7|17|13|0|12|15|33|4|31
6394,1|14|5|3|19|33|21|15|17|47
6395,1|33|19|61|15|14|59|13|47|20
6427,2|1|36|25|5|51|11|8|14|16
6430,1|2|5|13|7|15|33|16|157|4
6443,2|5|15|7|63|13|17|24|50|20
6455,16|81|1|5|15|44|38|61|2|11
6560,1|5|16|19|15|13|159|33|59|0
6577,1|14|5|15|13|11|21|17|59|7
6591,33|15|61|21|13|19|17|31|0|20
6646,2|1|14|5|59|21|13|25|17|33
6649,5|17|0|21|59|15|76|61|31|7
6655,1|2|9|63|14|8|5|7|56|50
6657,1|13|25|15|33|7|61|19|0|16
6665,1|2|5|21|17|14|61|15|0|16
6680,5|0|33|21|17|106|59|3|15|31
6701,5|61|33|13|15|17|14|59|47|20
6730,1|2|13|15|25|14|5|36|11|61
6769,2|5|21|15|17|12|61|0|13|39
6774,15|48|61|13|79|33|21|14|7|16
6777,1|33|19|15|14|11|36|21|20|17
6782,2|5|15|33|46|59|16|12|7|17
6787,48|8|36|15|13|21|61|44|14|33
6795,5|0|31|59|21|13|15|61|33|17
6799,1|33|13|20|19|36|164|14|94|31
6803,2|1|33|15|20|11|55|13|61|25
6827,70|138|1|116|67|14|5|17|3|21
6829,2|1|13|20|12|61|5|33|55|7
6834,14|1|5|100|15|44|19|17|21|0
6851,1|14|5|3|19|33|21|15|17|47
6878,1|16|14|33|15|36|13|38|21|19
6884,5|15|21|13|61|44|36|17|14|7
6917,11|107|33|13|15|31|59|5|61|60
6961,1|2|5|15|14|36|38|13|61|33
6967,1|14|5|3|19|33|21|15|17|47
6975,1|5|14|3|33|15|19|59|106|61
6977,1|5|14|21|15|4|16|12|0|17
6997,5|7|15|14|17|0|20|12|33|11
7005,2|1|15|21|20|14|5|148|78|11
7011,12|1|5|14|242|33|15|3|59|61
7034,5|17|0|47|61|14|15|59|33|13
7041,1|14|5|19|33|21|17|59|15|47
7062,5|33|0|31|15|61|17|13|3|21
7065,1|5|21|17|33|61|47|15|19|13
7096,1|5|19|61|15|17|33|21|12|96
7106,1|5|33|3|0|14|19|17|31|85
7118,1|9|2|5|50|133|21|8|51|30
7133,5|31|33|0|13|17|15|7|61|60
7153,1|2|16|5|14|15|21|17|47|49
7175,80|2|1|20|15|12|9|5|63|24
7180,5|21|0|17|100|61|15|12|14|13
7207,81|1|5|2|25|20|15|55|29|0
7228,291|1|13|4|63|141|5|7|25|12
7259,38|48|2|194|1|61|5|21|15|25
7274,1|21|14|100|5|61|17|15|33|19
7282,2|5|221|17|0|7|4|13|33|61
7286,2|33|21|17|61|0|7|15|19|100
7299,1|5|15|7|14|17|33|36|49|38
7326,8|48|79|2|1|15|61|11|14|21
7368,5|39|14|21|33|8|7|44|15|17
7394,134|2|11|148|114|170|23|3|29|80
7412,1|5|33|19|3|223|11|17|31|263
7443,11|1|107|19|33|61|5|14|13|123
7454,187|29|23|1|5|19|14|33|17|15
7455,1|5|15|14|61|17|16|85|13|190
7505,8|48|36|79|1|2|145|15|44|5
7510,1|2|20|33|15|255|11|157|51|59
7513,1|15|5|14|7|13|33|4|25|17
7515,1|5|59|14|33|15|7|4|21|16
7522,13|7|5|255|1|2|63|24|20|142
7551,246|20|172|6|1|2|25|26|206|16
7569,2|21|5|62|17|11|15|33|39|164
7601,34|2|1|8|13|15|35|4|5|7
7625,5|15|21|17|13|61|59|4|14|12
7650,1|14|5|3|19|33|21|15|17|47
7657,1|5|33|14|0|47|61|15|19|17
7706,5|21|59|33|31|17|61|15|12|3
7714,2|1|15|13|14|7|5|9|25|77
7722,5|0|21|31|59|33|17|3|15|61
7731,5|0|21|31|59|33|17|3|15|61
7755,5|15|23|20|13|39|29|12|17|164
7777,2|15|39|13|61|20|157|11|12|21
7786,36|79|5|21|194|15|14|44|33|17
7828,1|5|14|3|106|21|47|17|33|61
7846,137|1|2|21|97|5|7|15|61|63
7855,191|2|1|25|268|15|289|20|7|12
7869,2|1|8|36|20|15|13|12|48|79
7919,1|14|5|15|21|0|61|3|7|13
7951,2|7|5|31|4|15|21|56|59|12
7981,1|5|19|61|11|14|47|21|17|59
7988,1|14|5|21|47|15|19|17|97|61
7997,8|127|2|1|25|13|135|59|20|4
8046,59|33|15|5|13|20|60|21|36|100
8047,165|2|1|7|66|13|17|14|15|25
8099,2|14|1|15|7|51|6|220|8|44
8108,2|5|7|17|0|31|50|15|72|63
8111,1|5|15|14|13|33|17|25|21|16
8112,2|1|164|11|33|20|5|13|8|36
8157,15|31|13|20|61|60|11|17|36|19
8164,5|15|33|17|47|0|14|19|106|8
8207,127|2|1|64|20|5|13|33|3|12
8222,1|2|5|63|13|15|20|7|44|17
8230,1|5|14|17|21|15|3|44|104|12
8272,2|5|15|21|12|0|11|13|17|39
8291,2|1|20|15|5|13|36|11|111|33
8296,1|14|5|3|19|33|21|15|17|47
8323,221|5|21|0|17|61|3|15|31|59
8330,2|1|5|15|7|14|33|36|8|16
8339,2|1|5|14|17|0|15|21|25|4
8346,148|2|1|9|50|36|13|15|63|11
8423,1|2|5|13|33|15|17|260|4|25
8437,1|14|5|3|19|33|21|15|17|47
8475,1|2|13|8|15|19|20|11|29|36
8512,15|33|20|13|21|61|36|17|31|14
8540,33|15|13|0|61|60|20|11|19|100
8609,191|211|7|13|25|15|20|2|11|1
8619,5|33|17|15|21|12|7|14|11|61
8627,2|1|8|5|25|11|14|36|123|44
8734,1|36|38|8|14|48|5|15|13|61
8738,33|59|15|61|19|21|0|31|13|17
8808,1|25|5|20|21|13|14|17|12|7
8817,2|5|17|13|21|36|0|14|8|61
8838,2|5|11|21|15|0|33|7|137|8
8844,1|2|7|5|16|14|43|15|38|178
8865,1|14|5|3|31|19|59|33|21|17
8877,1|5|148|3|33|170|0|15|14|17
8907,46|1|5|14|11|33|44|19|15|29
8931,1|7|5|2|15|12|25|44|142|14
8947,13|33|61|11|36|14|0|25|19|21
9023,1|5|33|14|36|61|106|21|13|47
9051,1|50|209|63|282|178|45|15|142|23
9155,164|1|5|14|11|19|21|33|17|15
9166,11|29|1|14|107|15|5|21|61|17
9173,1|14|134|21|15|5|170|61|141|11
9194,246|1|33|15|14|5|21|61|17|11
9239,1|14|5|3|19|33|21|15|17|47
9282,2|5|14|1|17|13|15|16|8|7
9284,1|2|5|0|7|15|33|39|13|12
9398,224|11|2|17|29|5|107|1|3|33
9404,48|36|5|17|21|13|44|33|20|61
9405,284|1|2|7|5|33|15|11|16|0
9449,107|2|1|33|31|20|13|15|61|5
9472,246|181|148|1|170|2|15|5|11|20
9501,2|81|5|55|21|0|61|106|8|7
9524,48|2|1|194|13|5|20|25|7|21
9545,191|211|2|289|268|20|94|25|1|36
9552,81|148|181|159|2|1|15|12|62|5
9557,2|1|13|8|14|15|36|5|25|7
9565,221|1|2|14|5|7|61|19|15|13
9576,1|5|81|14|21|15|12|44|33|11
9578,1|2|25|4|43|13|15|5|20|44
9584,1|15|36|21|11|44|4|16|7|19
9612,2|13|20|15|25|246|11|36|33|7
9646,236|169|253|73|252|28|265|2|14|18
9648,5|17|21|15|0|20|14|13|4|44
9665,5|33|15|13|16|17|4|59|21|31
9668,48|79|2|1|15|13|261|264|33|20
9711,2|1|4|5|15|0|6|62|16|25
9720,1|2|63|14|101|7|157|42|201|50
9733,1|50|2|63|36|15|13|5|56|38
9796,1|2|33|15|13|5|17|43|21|25
9806,2|1|21|5|15|14|17|61|33|8
9831,1|5|14|15|7|17|13|21|11|16
9852,7|13|2|57|4|24|1|17|176|99
9873,190|279|2|1|15|38|219|9|25|96
9878,2|1|25|20|13|55|36|19|94|61
9889,23|2|1|107|5|15|7|25|20|17
9949,1|2|33|13|15|111|11|20|61|52
9954,1|2|13|77|7|15|5|0|56|16
9960,1|2|5|7|17|216|20|13|15|12
9961,2|7|13|15|5|0|17|33|12|20
9974,2|1|239|5|15|13|11|19|29|17
9978,2|62|67|5|13|31|188|17|21|15
10016,1|2|7|5|13|0|17|15|21|14
10018,2|5|0|11|20|50|15|23|17|7
10104,1|9|216|4|7|114|64|63|20|45
10159,2|15|0|14|7|5|1|272|17|11
10209,2|1|5|16|17|15|21|14|12|44
10222,1|294|128|5|4|6|129|220|16|29
10268,2|0|31|5|21|36|7|20|100|13
10269,1|2|15|4|5|50|17|44|63|36
10285,1|2|62|5|25|7|16|67|15|13
10382,284|2|1|7|25|11|24|77|62|20
10410,1|294|128|4|2|13|26|15|65|43
10444,2|5|4|21|0|15|33|56|30|31
10500,1|2|5|17|7|21|15|14|44|25
10526,2|0|5|47|61|30|59|17|7|33
10544,1|2|15|5|21|33|36|20|13|173
10545,1|20|25|2|4|7|13|135|11|172
10550,2|13|59|15|20|11|61|17|21|36
10656,7|1|9|13|4|42|2|65|24|20
10663,2|15|20|13|5|36|11|61|12|7
10688,2|31|7|5|0|17|33|60|30|13
10710,36|2|38|8|1|48|62|70|194|33
10748,1|2|20|33|13|25|11|4|61|12
10754,1|36|79|164|5|11|15|17|48|12
10820,187|2|1|5|17|3|106|14|33|61
10838,2|1|179|106|19|8|264|44|96|61
10844,1|2|81|55|15|20|33|5|13|59
10850,1|2|15|18|13|73|33|12|8|60
10871,5|2|7|0|4|12|20|15|39|33
10884,36|79|38|2|194|15|5|13|21|20
10921,2|21|1|19|5|195|14|96|8|61
10923,136|78|1|152|2|225|21|141|14|97
10948,2|5|0|21|17|12|15|33|7|13
10951,2|1|33|15|20|17|7|14|21|12
10973,164|11|2|80|114|23|123|3|29|188
10975,2|5|8|17|13|7|0|12|36|61
11013,157|200|1|2|20|8|15|260|36|51
11015,1|2|15|13|7|11|20|5|25|14
11081,86|1|2|13|33|15|61|11|20|25
11096,91|2|136|11|8|1|61|296|15|196
11102,1|2|12|15|5|14|0|20|44|36
11119,2|1|23|29|15|21|5|221|17|14
11122,2|1|7|17|14|56|4|13|11|24
11134,269|2|1|17|33|193|14|5|21|167
11167,45|9|50|237|63|133|140|218|290|198
11215,1|2|20|15|11|36|13|12|5|7
11281,1|4|121|2|7|30|0|147|14|13
11321,1|2|14|5|146|39|12|41|68|86
11330,1|7|2|77|13|5|84|0|52|24
11350,2|1|5|106|298|15|21|17|61|14
11379,1|26|2|10|15|77|154|7|113|50
11392,2|1|5|14|248|7|15|8|21|56
11397,246|0|2|5|21|7|15|4|13|66
11433,1|49|190|67|25|20|44|62|2|4
11459,5|21|33|0|17|7|14|61|13|47
11468,1|5|14|15|61|16|21|39|17|0
11489,8|1|2|36|5|79|12|14|21|15
11500,43|1|57|2|7|77|5|4|178|14
11523,284|2|1|211|7|20|4|25|24|5
11528,50|1|7|291|63|9|8|131|42|133
11555,2|1|20|36|5|8|14|12|191|7
11570,190|279|219|2|8|14|79|38|36|1
11591,1|25|13|2|61|86|135|4|157|20
11679,20|2|1|15|135|25|110|13|206|14
11744,148|170|2|1|15|124|82|3|173|21
11830,2|5|13|17|0|15|12|30|21|44
11837,2|1|7|25|11|26|6|15|5|83
11899,8|36|2|15|12|13|1|51|5|20
11932,2|5|0|21|7|33|12|163|4|20
11985,2|20|1|12|15|5|25|44|268|62
11995,1|2|5|47|8|61|0|14|16|79
12051,1|2|7|136|13|15|78|9|14|225
12096,1|2|13|291|25|7|33|216|8|5
12122,1|2|25|5|7|12|16|13|11|23
12142,172|206|135|25|287|1|2|89|5|16
12221,2|1|5|15|8|14|11|38|7|25
12225,284|2|1|87|7|25|20|13|11|135
12253,1|2|5|21|15|50|4|17|25|221
12278,1|50|2|63|45|77|21|282|31|133
12286,36|2|1|194|5|25|13|81|20|44
12321,48|38|36|1|79|14|5|21|15|33
12371,2|0|5|21|106|61|15|17|7|8
12422,2|1|13|136|11|15|29|94|100|33
12432,4|52|13|2|1|65|7|157|44|43
12448,85|2|123|1|25|187|4|11|13|5
12458,1|2|13|15|5|11|12|51|4|37
12464,133|1|2|7|50|77|9|14|42|57
12521,231|7|1|22|2|4|25|13|26|134
12525,1|33|81|15|19|61|36|11|20|21
12532,2|7|13|5|21|0|31|63|59|56
12535,2|1|13|9|5|11|7|15|14|20
12553,2|21|0|5|17|112|7|15|61|56
12577,2|1|26|7|0|15|14|6|75|220
12578,2|239|1|15|36|33|17|21|44|13
12590,29|23|114|80|2|107|5|25|15|62
12641,1|2|5|7|93|50|13|36|9|20
12683,2|5|0|17|15|81|12|21|7|11
12724,2|15|5|13|7|12|16|36|33|61
12735,1|2|5|15|20|12|0|33|49|44
12750,36|38|2|8|48|79|13|15|1|5
12768,12|0|2|1|14|16|25|40|7|242
12788,2|5|21|15|7|13|33|14|12|4
12836,2|86|31|0|5|21|33|17|59|3
12867,2|15|13|86|61|20|0|31|11|36
12894,1|13|2|5|77|63|17|15|14|16
12952,2|0|31|5|21|59|30|17|7|95
13039,2|5|0|21|17|61|7|4|33|76
13114,1|2|7|4|5|15|12|20|16|33
13132,2|4|5|31|7|17|13|33|0|15
13151,2|5|33|59|13|61|7|17|15|56
13167,123|2|1|5|14|13|4|12|24|44
13181,2|5|62|15|0|17|20|7|33|61
13198,2|1|223|5|61|33|59|15|25|31
13204,1|14|11|5|15|61|17|13|12|23
13218,2|5|21|12|31|13|4|72|7|59
13225,2|21|5|190|0|4|15|17|8|44
13249,2|5|21|0|31|15|7|8|13|50
13267,1|59|2|33|69|13|20|8|15|60
13282,1|2|13|7|5|15|25|135|11|206
13289,13|33|7|17|12|11|36|16|44|4
13291,85|49|187|2|1|5|15|7|61|25
13336,1|2|49|8|14|9|13|36|61|33
13373,242|12|73|130|2|18|5|25|55|0
13433,1|2|21|216|5|17|7|15|14|13
13487,2|5|0|21|33|7|59|95|30|61
13529,2|59|33|13|5|21|61|60|15|18
13569,1|9|24|2|13|7|63|42|5|79
13600,2|21|9|7|56|93|31|36|24|8
13647,2|5|21|17|59|0|95|15|31|61
13658,2|7|5|20|15|72|12|33|13|4
13680,2|5|1|17|36|38|14|15|68|20
13685,1|2|5|0|33|13|17|19|4|7
13702,1|13|32|2|9|25|0|75|72|15
13711,23|11|107|90|2|1|15|10|58|13
13764,1|2|5|61|14|7|47|8|9|0
13800,1|2|33|15|13|19|16|61|25|20
13821,1|2|63|45|17|13|44|15|216|7
13874,2|0|5|8|59|15|33|100|47|60
13895,1|12|25|2|13|5|15|11|20|4
13906,275|145|1|62|25|20|12|67|2|116
13943,2|5|13|21|61|11|33|20|12|7
13945,2|5|21|0|13|50|7|15|17|63
13962,38|48|79|2|1|15|13|14|5|61
13970,2|5|7|13|4|15|63|11|17|21
13980,23|11|107|68|2|1|33|25|20|5
13992,2|1|7|5|15|20|24|56|77|25
14010,165|2|1|14|7|15|24|42|4|11
14032,8|48|2|1|194|15|13|5|11|61
14082,55|159|2|1|5|14|15|36|25|21
14102,2|5|25|11|1|7|16|62|44|9
14109,2|5|15|0|21|17|33|31|8|171
14110,5|21|61|15|14|17|36|47|33|44
14116,246|1|2|7|15|86|5|24|26|4
14136,78|1|2|152|225|14|21|97|233|153
14147,123|12|25|2|242|20|15|268|11|211
14151,2|1|104|5|44|4|14|33|12|15
14162,5|21|17|15|61|33|13|100|12|39
14247,1|2|62|70|7|16|25|67|24|11
14294,2|1|33|15|11|111|36|25|19|157
14310,2|5|13|62|17|4|12|188|15|116
14428,20|135|25|1|281|2|206|232|3|21
14443,136|1|2|78|21|50|15|17|94|5
14483,2|33|13|0|61|15|21|36|86|7
14531,2|0|5|21|31|7|12|17|30|60
14544,1|2|13|8|20|24|15|11|7|36
14601,2|5|15|13|21|31|8|63|39|0
14605,1|39|2|5|15|63|14|20|17|7
14626,1|5|2|21|4|33|0|14|39|15
14669,129|1|7|220|2|4|20|42|24|10
14671,2|5|13|47|7|33|15|16|0|17
14673,1|7|2|9|50|133|77|24|42|14
14687,1|2|13|15|11|5|25|33|36|291
14697,86|1|2|12|14|21|0|170|5|11
14723,2|1|5|15|12|13|44|33|55|20
14741,1|7|4|24|13|50|42|5|2|11
14744,1|2|5|4|20|12|7|56|25|281
14748,2|5|21|0|15|17|61|16|12|7
14784,2|1|5|13|50|15|21|17|201|38
14815,2|50|63|21|5|15|13|7|8|17
14857,2|33|1|5|21|61|223|0|18|59
14865,9|7|57|63|133|13|2|4|77|42
14881,2|15|5|36|1|11|39|61|29|81
14888,275|211|145|289|191|25|12|2|15|11
14889,1|47|2|5|61|8|195|14|30|17
14902,119|12|2|1|5|0|16|17|15|4
14929,43|1|2|5|72|7|4|0|77|57
14934,2|16|36|5|15|38|8|7|13|62
14986,5|7|0|13|12|15|17|25|20|3
15008,1|2|5|21|7|13|12|15|50|4
15012,1|59|2|33|69|13|20|8|15|60
15014,164|23|29|107|2|1|104|86|14|25
15042,13|5|2|7|25|1|202|16|63|108
15062,246|1|2|15|14|17|7|20|39|38
15175,2|33|31|0|15|61|21|13|4|59
15192,2|0|5|275|15|7|20|13|4|31
15206,1|5|2|0|59|17|171|31|76|111
15208,2|1|29|13|5|14|23|63|7|21
15219,1|5|21|19|61|17|33|20|44|36
15223,2|7|5|15|17|13|11|0|31|25
15273,2|0|31|5|21|59|30|17|7|95
15287,94|2|1|141|136|137|97|298|124|21
15309,5|21|17|7|0|14|4|15|20|31
15348,1|21|5|61|13|14|36|7|16|33
15358,86|1|2|4|21|14|5|17|13|15
15398,1|2|246|7|13|15|5|12|11|4
15406,2|0|21|31|5|94|17|30|78|7
15427,2|86|0|15|61|5|21|13|17|31
15436,2|29|107|33|15|13|20|36|17|19
15567,2|5|1|14|111|33|7|85|19|15
15636,187|17|5|2|33|1|19|223|59|49
15713,1|2|13|7|33|60|77|5|59|84
15720,0|1|10|271|2|59|33|171|285|50
15786,2|59|0|33|13|5|15|61|20|7
15790,2|0|31|5|21|59|30|17|7|95
15810,2|31|0|33|15|13|59|7|11|32
15830,2|21|5|0|61|39|17|4|137|86
15831,2|1|5|15|14|7|11|4|0|41
15833,5|4|0|15|21|17|14|11|12|33
15851,1|7|2|77|13|5|84|0|52|24
15867,2|0|7|4|5|21|50|31|15|30
15913,11|29|107|2|1|15|298|20|61|152
16000,2|4|5|21|31|15|17|56|12|33
16004,2|5|20|13|15|12|33|11|61|8
16005,1|33|15|14|7|147|17|19|20|59
16020,2|1|47|5|61|14|8|106|19|17
16023,2|61|5|0|33|59|47|8|36|13
16038,8|38|2|48|1|194|15|13|5|14
16093,1|2|13|62|25|15|33|11|7|135
16104,2|187|1|5|21|15|14|11|4|17
16107,1|5|33|2|103|19|60|4|59|0
16129,2|13|15|61|31|0|63|7|4|59
16143,2|5|21|17|15|61|20|31|76|7
16281,1|2|13|20|36|11|15|7|82|25
16285,2|145|1|5|275|15|12|21|211|33
16304,163|1|20|2|66|13|11|144|18|36
16358,2|221|33|13|15|0|61|17|7|106
16359,2|33|12|31|20|15|61|13|144|11
16393,1|2|5|7|13|33|61|15|12|36
16409,79|36|38|194|2|21|5|44|49|0
16443,2|5|12|61|8|15|36|17|19|14
16450,1|164|2|25|5|15|11|17|4|21
16509,2|243|213|1|21|61|17|91|114|171
16545,2|13|33|0|8|20|59|61|36|21
16583,2|1|23|29|13|5|15|25|107|33
16605,1|5|33|14|12|15|13|4|0|25
16608,2|5|16|20|33|7|36|21|4|12
16616,1|50|2|5|21|17|76|7|0|15
16672,11|29|107|1|2|13|59|33|15|18
16721,1|2|14|16|44|41|68|5|51|76
16723,36|2|79|38|19|1|115|261|179|194
16755,1|2|13|12|4|15|5|11|25|17
16757,2|0|31|5|33|17|30|60|7|61
16819,50|9|282|63|1|133|131|14|8|38
16855,2|5|7|15|0|33|20|17|56|12
16879,190|2|1|5|14|8|36|38|15|7
16883,2|1|15|17|21|5|44|9|36|16
16937,1|4|2|13|77|24|17|15|157|5
16990,36|79|2|1|15|13|5|194|44|7
17006,130|28|18|25|2|15|267|272|29|13
17031,1|2|62|7|13|70|67|5|15|11
17049,48|38|79|2|194|15|264|1|61|44
17120,1|2|0|7|15|20|25|5|31|24
17123,2|5|16|13|17|21|15|33|4|55
17159,2|1|13|33|36|11|20|61|100|80
17210,38|2|79|1|11|13|15|29|194|61
17228,130|50|63|237|25|2|282|9|99|57
17248,2|14|15|39|29|17|16|168|143|148
17361,1|7|2|5|63|13|47|9|17|33
17367,1|2|5|16|15|7|12|33|20|21
17446,1|66|2|0|17|7|21|5|16|13
17472,2|1|81|55|15|11|33|14|147|25
17546,93|1|50|13|63|2|57|7|51|36
17547,1|2|35|7|5|17|63|15|13|21
17611,93|1|7|2|63|45|24|133|237|140
17711,1|2|21|14|20|12|7|15|36|216
17738,2|1|5|33|15|7|0|13|17|191
17808,48|79|36|194|2|1|5|61|47|14
17959,2|1|15|11|62|13|25|127|17|21
17988,2|5|31|21|59|12|33|13|30|61
17991,2|1|13|25|5|44|11|7|63|33
18000,284|1|2|81|5|15|25|21|20|4
18003,2|1|5|11|20|17|21|7|36|25
18032,1|2|5|190|21|15|14|7|36|17
18038,0|40|5|16|130|9|13|24|15|28
18051,134|2|1|15|36|11|13|7|23|173
18056,1|2|50|7|5|63|15|14|13|77
18129,1|63|2|157|7|30|13|17|60|0
18155,1|2|13|21|5|7|14|4|17|62
18165,2|1|33|103|15|19|13|61|14|20
18218,2|5|15|21|39|13|4|44|61|11
18237,1|5|17|33|15|19|21|16|44|0
18267,2|1|70|5|17|33|15|19|85|67
18268,2|14|38|36|20|21|16|8|5|51
18313,2|16|20|11|33|21|36|61|8|7
18353,284|1|2|33|13|15|19|199|31|59
18388,2|5|21|33|59|17|13|16|4|15
18401,1|2|7|6|5|13|54|4|15|26
18445,1|33|19|61|15|31|20|0|17|14
18458,4|52|13|2|1|65|7|157|44|43
18530,1|7|2|77|13|5|84|0|52|24
18573,8|38|79|36|1|2|33|5|61|16
18585,1|2|11|23|164|62|25|5|29|15
18586,2|1|25|61|5|36|7|38|14|15
18743,2|5|0|31|21|17|7|33|30|59
18978,2|1|7|25|86|4|15|11|13|12
18979,2|5|13|7|17|15|11|50|63|21
18983,1|2|7|15|25|185|5|12|11|14
19004,1|5|13|25|15|36|11|14|33|7
19026,45|2|1|7|63|133|77|282|15|13
19085,1|14|13|7|5|15|25|17|77|24
19091,1|2|7|255|15|20|5|25|33|11
19093,2|5|61|21|17|7|33|4|59|15
19123,2|42|1|13|7|6|20|17|14|15
19124,1|2|4|5|15|24|21|17|16|14
19141,1|2|13|25|15|33|5|61|7|19
19221,1|2|72|12|59|18|13|21|10|5
19254,2|33|0|61|31|13|15|20|60|100
19278,8|1|194|2|5|15|33|29|13|14
19298,2|1|15|14|13|12|50|5|20|21
19310,1|2|190|31|61|19|15|11|17|13
19340,2|1|5|119|62|33|55|17|70|67
19373,1|63|2|50|186|11|13|133|15|62
19390,1|2|13|5|17|24|15|14|12|25
19417,20|15|2|1|8|11|33|36|148|13
19541,36|194|2|1|44|15|5|25|13|16
19554,2|48|36|79|5|190|85|12|15|194
19603,2|1|14|15|8|199|7|17|61|86
19750,36|48|38|1|79|2|21|112|194|33
19762,154|54|26|10|27|113|284|83|128|1
19910,62|70|138|116|67|2|1|57|7|13
19919,2|151|17|25|16|12|44|5|106|3
19993,7|2|124|1|33|5|14|39|35|13
20027,2|1|13|36|19|11|25|20|8|61
20032,1|2|5|12|15|13|17|16|25|61
20061,2|5|7|13|221|15|24|4|33|21
20085,1|7|77|13|2|50|24|14|142|44
20125,2|1|5|15|7|17|13|61|21|12
20137,1|15|5|61|21|261|19|264|33|20
20179,9|45|7|237|133|282|24|140|63|258
20190,2|13|5|25|15|36|33|8|21|17
20208,2|66|1|5|33|55|13|20|36|18
20246,1|2|4|14|51|0|44|141|22|5
20382,70|62|67|1|2|188|138|13|25|5
20400,26|6|113|1|15|27|13|246|160|4
20539,1|2|5|33|15|0|16|17|12|55
20624,5|2|1|17|59|171|76|271|95|103
20645,170|173|1|2|134|15|181|13|7|33
20654,1|2|33|31|5|0|235|85|72|271
20724,82|148|170|15|134|36|2|268|1|79
20731,1|2|33|5|0|15|17|16|61|97
20785,194|2|261|1|15|61|14|279|35|21
20821,2|1|13|15|33|128|25|294|20|31
20836,1|2|33|31|5|0|235|85|72|271
20858,1|2|15|13|25|157|33|11|36|20
20883,67|188|62|116|138|1|2|156|13|33
20931,2|0|5|33|31|17|4|15|16|12
20961,187|2|70|5|1|138|188|33|17|116
20966,1|2|5|0|33|59|4|16|20|93
21038,1|2|33|31|5|0|235|85|72|271
21084,2|0|33|5|13|15|61|17|199|60
21120,1|2|5|0|72|33|31|7|4|43
21129,107|2|1|204|13|25|20|33|36|164
21219,1|156|13|63|11|15|216|36|25|57
21228,2|50|5|7|63|31|0|56|17|13
21259,1|2|21|14|63|17|8|13|20|38
21318,75|10|83|32|26|6|74|113|27|14
21345,2|1|13|14|61|59|15|21|5|17
21386,1|2|7|15|13|105|5|14|39|124
21615,38|36|2|79|1|15|44|5|17|13
21658,38|36|194|2|1|15|44|5|191|166
21743,191|2|15|109|275|211|14|124|105|5
21818,2|15|13|61|8|1|130|18|20|206
21847,48|38|2|15|1|44|61|20|13|191
21852,1|12|5|25|15|11|62|2|227|61
21902,2|15|191|0|61|31|5|13|33|20
21934,187|2|223|3|5|11|59|17|103|106
21941,1|2|246|9|20|5|14|7|15|13
21949,1|2|11|23|13|33|15|107|61|19
22069,7|158|1|176|43|244|17|77|31|84
22077,207|121|190|134|49|1|21|275|7|211
22126,1|15|5|21|14|17|11|23|33|19
22136,2|1|5|25|39|33|15|61|14|13
22172,2|61|59|47|19|33|1|21|13|15
22182,2|1|15|5|17|61|44|21|47|36
22253,2|13|25|15|1|14|8|4|20|36
22273,124|137|97|136|2|1|152|21|47|94
22303,2|1|33|15|21|19|11|17|20|61
22386,190|2|188|171|1|8|70|67|5|33
22428,2|0|31|5|21|59|30|17|7|95
22487,8|14|36|2|38|13|133|63|48|216
22536,2|33|31|59|61|13|15|0|60|69
22559,2|1|14|106|273|17|21|61|48|79
22564,22|209|204|4|178|57|46|3|1|23
22608,5|13|11|31|7|4|17|33|0|59
22687,20|25|2|1|206|13|227|33|216|61
22734,172|206|135|25|287|1|2|89|5|16
22801,4|1|7|84|2|5|17|60|43|142
22844,1|2|13|8|59|25|11|20|15|24
22872,2|1|15|5|20|36|11|44|4|33
22877,87|26|54|294|220|10|1|2|154|284
22882,1|14|5|15|33|3|19|61|21|13
22911,136|1|2|7|15|178|5|11|9|4
22930,2|8|36|20|19|15|25|38|5|167
23035,48|38|36|194|2|1|15|86|20|61
23038,243|2|8|38|91|166|36|1|61|143
23058,2|11|1|20|15|33|29|114|3|23
23067,33|21|5|1|2|72|15|12|4|103
23105,103|2|33|1|5|271|223|17|21|0
23162,294|128|6|129|154|10|1|7|246|284
23247,13|291|5|1|208|2|11|7|4|15
23277,181|148|170|2|1|15|3|82|173|124
23312,103|33|2|72|1|226|5|47|223|21
23318,48|38|79|36|2|194|1|44|14|15
23425,2|1|15|5|17|61|44|21|47|36
23486,164|2|1|33|11|15|25|29|23|73
23551,1|5|15|14|11|62|33|17|12|46
23646,2|1|40|15|114|63|28|36|13|8
23669,2|1|13|25|63|15|5|216|156|133
23691,7|2|124|1|33|5|14|39|35|13
23695,2|1|106|5|263|85|96|187|103|47
23734,1|5|17|15|11|13|61|14|23|25
23769,68|294|1|2|4|25|15|5|6|135
23803,1|7|4|2|5|17|33|30|142|13
24103,2|1|33|15|70|13|116|20|61|36
24147,23|107|2|1|5|33|15|17|13|36
24187,1|9|216|4|7|114|64|63|20|45
24210,85|187|185|2|19|103|1|171|96|106
24243,1|14|5|36|15|106|61|21|100|47
24300,80|2|46|15|39|11|33|29|124|12
24358,1|2|136|57|7|13|14|21|5|36
24405,2|9|14|42|15|97|1|7|13|44
24413,1|2|21|5|137|17|7|15|8|61
24428,1|157|2|7|17|63|13|20|21|30
24556,11|2|29|25|15|5|164|107|57|62
24610,2|59|31|0|15|61|13|60|17|11
24650,2|113|141|14|170|148|15|136|78|152
24751,2|1|298|137|21|14|5|187|17|62
24909,82|148|170|15|134|36|2|268|1|79
24976,1|2|43|7|77|4|57|15|24|50
25004,291|1|63|7|13|5|8|25|38|12
25122,50|1|77|178|2|7|15|42|24|6
25146,25|1|2|8|15|24|275|216|211|11
25155,1|157|56|2|8|21|5|133|64|24
25235,171|213|33|2|1|5|271|21|223|61
25294,220|83|6|26|10|284|87|129|1|7
25377,70|138|2|1|17|81|13|16|5|25
25426,5|2|1|17|59|171|76|271|95|103
25532,1|2|8|36|50|61|33|25|31|11
25644,7|1|13|2|57|25|42|20|24|101
25656,171|2|1|78|14|21|5|152|61|85
25739,224|2|1|11|20|15|51|4|7|8
25758,81|2|55|25|5|18|15|13|1|272
25800,272|0|1|2|12|40|15|5|25|14
26116,29|107|1|2|15|13|5|50|24|17
26123,8|2|36|38|5|14|48|167|20|25
26263,2|33|1|19|13|59|15|11|61|111
26306,2|1|14|9|15|136|36|153|78|38
26323,130|28|18|25|2|15|267|272|29|13
26396,2|1|33|61|59|15|13|11|36|111
26434,272|0|1|2|12|40|15|5|25|14
26545,2|5|1|14|105|167|15|19|4|16
26573,108|5|11|70|2|25|13|53|35|33
26590,9|45|1|8|167|2|5|36|38|15
26618,1|41|2|17|50|5|14|9|7|13
26646,1|2|5|38|13|21|14|17|63|7
26686,1|2|15|7|50|5|13|156|157|11
26760,75|10|32|26|83|74|58|6|113|154
26778,48|38|194|2|1|264|15|261|13|61
26978,107|2|1|33|164|25|13|15|61|20
27097,2|1|5|15|33|36|11|21|17|16
27107,2|1|81|15|20|55|36|5|33|11
27202,38|79|36|2|1|194|15|5|25|21
27237,252|169|245|2|150|145|109|101|183|51
27241,5|2|1|33|14|7|62|12|111|8
27325,2|1|33|55|19|25|16|15|111|144
27372,29|23|2|1|5|14|47|35|21|36
27386,2|1|7|123|39|21|174|108|5|51
27459,1|24|13|72|11|51|16|216|50|63
27506,68|13|1|2|129|5|7|20|33|25
27547,32|0|75|72|26|1|90|13|83|154
27551,190|2|51|14|1|44|279|15|48|8
27585,1|2|17|5|15|33|61|8|36|20
27601,2|33|1|19|13|59|15|11|61|111
27647,55|159|2|25|5|1|15|53|18|108
27677,5|108|92|197|167|2|41|130|13|78
27771,11|46|2|108|12|5|15|25|39|29
27773,16|1|159|5|157|20|81|8|12|7
27803,224|20|11|25|2|29|1|5|13|3
27872,8|36|38|48|2|194|1|13|261|19
27925,68|269|2|17|1|33|193|4|20|5
28015,173|2|15|148|134|170|1|25|8|115
28034,1|2|26|25|7|15|63|24|9|258
28042,1|2|25|5|21|4|16|15|14|13
28099,123|46|114|11|164|29|2|81|12|1
28168,191|275|20|211|2|289|15|227|11|29
28210,20|135|25|172|214|89|281|1|11|112
28253,57|7|1|77|13|50|2|4|42|63
28398,25|2|135|1|206|13|15|172|216|36
28462,108|5|11|70|2|25|13|53|35|33
28481,54|87|154|26|10|6|1|27|25|7
28577,1|2|70|138|17|5|116|7|15|20
